feature,gain,split_count
level_40_top5_mean,16.89410972595215,2.0
level_20_max,12.717082023620605,7.0
level_160_q75,12.466270446777344,8.0
level_40_top10_mean,12.132919311523438,1.0
level_20_top10_mean,11.983185768127441,3.0
level_10_q95,11.642765998840332,27.0
level_10_top2_mean,11.288436889648438,16.0
level_20_log_count,11.139534950256348,2.0
level_40_q95,10.682289123535156,4.0
level_40_max,10.446990966796875,8.0
edge_40_to_20_sibling_abs_gap_mean,10.176565170288086,10.0
level_10_top10_mean,9.923867225646973,19.0
edge_80_to_40_near_equal_002_fraction,9.566122055053711,47.0
edge_20_to_10_parent_child_max_correlation,9.184835433959961,9.0
edge_80_to_40_child_mean_minus_parent_q90,8.91421890258789,38.0
edge_40_to_20_sibling_abs_gap_q10,8.820894241333008,40.0
edge_160_to_80_child_mean_minus_parent_q10,8.76404857635498,10.0
edge_20_to_10_child_mean_minus_parent_mean,8.724462509155273,9.0
edge_40_to_20_child_max_minus_parent_q10,8.712562561035156,12.0
edge_160_to_80_sibling_abs_gap_mean,8.668197631835938,7.0
level_20_max_mean_gap,8.358307838439941,13.0
edge_80_to_40_argmax_alignment,8.318456649780273,10.0
level_20_near_max_002_fraction,8.283642768859863,58.0
level_20_softmax_effective_fraction_t005,8.186603546142578,37.0
edge_80_to_40_sibling_abs_gap_std,8.16081428527832,16.0
edge_20_to_10_sibling_abs_gap_std,8.144540786743164,13.0
edge_80_to_40_sibling_abs_gap_q50,8.121576309204102,26.0
level_80_mean,7.935596466064453,5.0
edge_40_to_20_child_mean_minus_parent_q50,7.9092888832092285,9.0
level_10_near_max_002_fraction,7.858871936798096,26.0
level_20_margin_top1_top2,7.692814350128174,49.0
level_20_near_max_005_fraction,7.595160961151123,28.0
level_10_log_count,7.593165397644043,15.0
level_80_near_max_002_fraction,7.566529750823975,37.0
level_20_top2_mean,7.529219627380371,16.0
edge_80_to_40_sibling_abs_gap_max,7.5267181396484375,38.0
edge_80_to_40_child_max_minus_parent_std,7.518545150756836,29.0
edge_160_to_80_child_mean_minus_parent_q50,7.485700607299805,23.0
edge_20_to_10_child_max_minus_parent_std,7.369873046875,21.0
level_40_softmax_effective_fraction_t005,7.343217849731445,23.0
level_80_q90,7.334485054016113,4.0
edge_160_to_80_near_equal_005_fraction,7.3273162841796875,29.0
level_10_max_mean_gap,7.186115741729736,9.0
level_160_near_max_005_fraction,7.17437744140625,42.0
level_20_top5_mean,7.159327507019043,4.0
edge_20_to_10_sibling_abs_gap_q50,7.140541076660156,7.0
edge_40_to_20_child_mean_minus_parent_max,7.120779037475586,29.0
edge_160_to_80_near_equal_002_fraction,7.0630693435668945,57.0
level_10_softmax_effective_fraction_t005,7.052102565765381,14.0
level_40_top2_mean,6.9707512855529785,10.0
level_80_q75,6.965517520904541,3.0
level_20_q90,6.9481048583984375,8.0
edge_20_to_10_child_max_minus_parent_max,6.925591468811035,40.0
edge_40_to_20_near_equal_005_fraction,6.920427322387695,9.0
level_80_softmax_entropy_norm_t005,6.8823747634887695,32.0
edge_20_to_10_sibling_abs_gap_max,6.872185707092285,29.0
edge_40_to_20_sibling_abs_gap_std,6.851160526275635,6.0
edge_20_to_10_near_equal_005_fraction,6.846124649047852,19.0
edge_40_to_20_near_equal_002_fraction,6.839205265045166,25.0
edge_40_to_20_child_mean_minus_parent_q90,6.794529914855957,37.0
edge_160_to_80_sibling_abs_gap_q10,6.753115653991699,18.0
level_160_q95,6.74923849105835,6.0
edge_80_to_40_child_mean_minus_parent_max,6.734879016876221,62.0
level_10_margin_top1_top2,6.730235576629639,38.0
level_160_q50,6.6906843185424805,10.0
edge_160_to_80_child_mean_minus_parent_max,6.665551662445068,49.0
edge_80_to_40_sibling_abs_gap_q10,6.642440319061279,23.0
edge_80_to_40_sibling_abs_gap_q90,6.598073482513428,21.0
level_20_q95,6.596582889556885,10.0
level_10_q90,6.5755615234375,5.0
edge_40_to_20_child_max_minus_parent_std,6.5349907875061035,24.0
level_40_q50,6.532348155975342,6.0
level_160_mean,6.53158712387085,3.0
edge_160_to_80_sibling_abs_gap_max,6.484423637390137,22.0
edge_80_to_40_child_max_minus_parent_q90,6.481202125549316,17.0
level_40_q90,6.447120666503906,3.0
level_80_q50,6.440651893615723,2.0
level_40_log_count,6.439340114593506,3.0
edge_160_to_80_child_mean_minus_parent_std,6.394979476928711,29.0
edge_160_to_80_sibling_abs_gap_std,6.366032600402832,11.0
edge_160_to_80_sibling_abs_gap_q90,6.342883586883545,7.0
edge_40_to_20_child_mean_minus_parent_mean,6.337530136108398,4.0
edge_20_to_10_child_mean_minus_parent_std,6.234284400939941,7.0
level_160_softmax_entropy_norm_t005,6.230250358581543,5.0
level_10_std,6.16806697845459,16.0
level_160_max,6.158300876617432,6.0
edge_80_to_40_child_max_minus_parent_max,6.1572370529174805,58.0
edge_80_to_40_child_mean_minus_parent_std,6.140225410461426,14.0
edge_160_to_80_child_max_minus_parent_q90,6.0856828689575195,11.0
edge_40_to_20_child_max_minus_parent_max,6.071223735809326,58.0
level_10_max,6.065095901489258,8.0
edge_20_to_10_child_max_minus_parent_mean,6.033311367034912,12.0
level_160_q90,6.02685022354126,3.0
level_80_top10_mean,5.990983009338379,4.0
level_10_mean,5.979005336761475,12.0
edge_160_to_80_child_mean_minus_parent_q90,5.975735187530518,28.0
edge_80_to_40_parent_child_max_correlation,5.966177940368652,45.0
edge_20_to_10_child_mean_minus_parent_q10,5.965511322021484,7.0
edge_160_to_80_sibling_abs_gap_q50,5.963771343231201,15.0
edge_20_to_10_sibling_abs_gap_q90,5.92947244644165,21.0
edge_160_to_80_child_mean_minus_parent_mean,5.889098167419434,21.0
level_80_margin_top1_top2,5.874944686889648,22.0
edge_40_to_20_child_max_minus_parent_mean,5.83657169342041,13.0
edge_20_to_10_child_mean_minus_parent_q50,5.835692882537842,9.0
edge_160_to_80_child_max_minus_parent_max,5.833922386169434,28.0
level_40_q75,5.822186470031738,8.0
edge_80_to_40_near_equal_005_fraction,5.75708532333374,21.0
edge_20_to_10_child_max_minus_parent_q90,5.753406047821045,29.0
level_20_std,5.708027362823486,9.0
level_80_top2_mean,5.684353351593018,7.0
level_40_max_mean_gap,5.664308071136475,14.0
edge_20_to_10_child_mean_minus_parent_max,5.660739898681641,18.0
edge_160_to_80_child_max_minus_parent_q50,5.64772891998291,52.0
edge_160_to_80_child_max_minus_parent_q10,5.646230220794678,15.0
edge_40_to_20_parent_child_max_correlation,5.6424784660339355,31.0
level_10_softmax_entropy_norm_t005,5.631685733795166,28.0
edge_80_to_40_child_mean_minus_parent_q50,5.611159324645996,10.0
edge_40_to_20_child_max_minus_parent_q90,5.60530424118042,26.0
level_160_margin_top1_top2,5.602629661560059,29.0
level_40_near_max_005_fraction,5.591589450836182,17.0
edge_160_to_80_parent_child_max_correlation,5.586521148681641,25.0
level_20_softmax_entropy_norm_t005,5.574677467346191,9.0
level_160_top10_mean,5.5567626953125,3.0
edge_20_to_10_near_equal_002_fraction,5.546325206756592,6.0
level_40_std,5.533830165863037,7.0
edge_80_to_40_child_max_minus_parent_q50,5.489318370819092,24.0
level_20_q75,5.454015731811523,2.0
edge_20_to_10_child_max_minus_parent_q50,5.444025993347168,23.0
level_40_softmax_entropy_norm_t005,5.392455577850342,18.0
edge_40_to_20_sibling_abs_gap_max,5.387535572052002,12.0
edge_80_to_40_child_max_minus_parent_q10,5.376251220703125,17.0
edge_40_to_20_sibling_abs_gap_q50,5.325723171234131,4.0
edge_20_to_10_child_max_minus_parent_q10,5.317162990570068,7.0
edge_80_to_40_child_mean_minus_parent_q10,5.2796244621276855,9.0
level_80_softmax_effective_fraction_t005,5.274660587310791,13.0
level_160_std,5.259933948516846,17.0
level_20_mean,5.236717224121094,5.0
edge_40_to_20_argmax_alignment,5.222198009490967,13.0
level_10_near_max_005_fraction,5.221264362335205,26.0
edge_40_to_20_child_mean_minus_parent_std,5.172297477722168,7.0
edge_40_to_20_child_mean_minus_parent_q10,5.149929523468018,3.0
edge_20_to_10_child_mean_minus_parent_q90,5.1202239990234375,9.0
level_10_q50,5.11350679397583,40.0
level_160_near_max_002_fraction,5.062051773071289,17.0
level_40_margin_top1_top2,5.059436798095703,33.0
edge_40_to_20_child_max_minus_parent_q50,5.055357456207275,28.0
level_80_std,5.05177640914917,6.0
level_160_log_count,5.046415328979492,6.0
edge_40_to_20_sibling_abs_gap_q90,4.938226699829102,6.0
level_20_q50,4.893672466278076,13.0
level_80_near_max_005_fraction,4.845503807067871,26.0
edge_160_to_80_child_max_minus_parent_mean,4.8224592208862305,13.0
level_80_max_mean_gap,4.757669448852539,13.0
edge_160_to_80_child_max_minus_parent_std,4.7446136474609375,18.0
edge_20_to_10_sibling_abs_gap_q10,4.707916736602783,22.0
edge_80_to_40_child_mean_minus_parent_mean,4.592400074005127,12.0
level_80_log_count,4.518467426300049,1.0
level_40_near_max_002_fraction,4.509860992431641,17.0
level_10_top5_mean,4.459904670715332,13.0
edge_20_to_10_sibling_abs_gap_mean,4.448324203491211,9.0
level_80_max,4.395090579986572,2.0
level_160_max_mean_gap,4.3721604347229,2.0
level_40_mean,4.304168224334717,6.0
edge_80_to_40_child_max_minus_parent_mean,4.2360029220581055,13.0
edge_80_to_40_sibling_abs_gap_mean,4.154543399810791,14.0
level_160_softmax_effective_fraction_t005,4.139347553253174,5.0
level_160_top5_mean,3.9956202507019043,2.0
level_10_q75,3.8442742824554443,3.0
edge_20_to_10_argmax_alignment,3.6744489669799805,3.0
edge_160_to_80_argmax_alignment,0.0,0.0
level_160_top2_mean,0.0,0.0
level_80_q95,0.0,0.0
level_80_top5_mean,0.0,0.0
